,mz,rt,lcms mode
LN3,134.8662027,1.0567,-1
LN6,231.9323369,1.194,-1
LN9,96.96265539,1.42285,-1
LN10,434.8763071,1.468733333,-1
LN11,242.9440665,1.5144,-1
LN13,75.00966819,1.560183333,-1
LN14,226.9665013,1.605933333,-1
LN26,236.9328379,1.651816667,-1
LN23,234.9357739,1.651816667,-1
LN24,419.8881328,1.651816667,-1
LN22,148.950451,1.651816667,-1
LN20,175.9691088,1.651816667,-1
LN21,264.9279821,1.651816667,-1
LN18,387.941515,1.651816667,-1
LN19,262.930857,1.651816667,-1
LN17,289.948014,1.651816667,-1
LN42,102.9890091,1.6971,-1
LN47,358.9474072,1.6971,-1
LN45,428.9166687,1.6971,-1
LN62,155.9798309,1.6971,-1
LN58,269.9609135,1.6971,-1
LN53,405.9138976,1.6971,-1
LN44,216.9693736,1.6971,-1
LN55,500.9152248,1.6971,-1
LN41,516.8890934,1.6971,-1
LN37,426.9171815,1.6971,-1
LN54,472.9204903,1.6971,-1
LN48,419.8917216,1.6971,-1
LN40,426.9191104,1.6971,-1
LN52,442.892584,1.6971,-1
LN39,358.9449646,1.6971,-1
LN36,114.9891553,1.6971,-1
LN51,488.8982659,1.6971,-1
LN57,504.8772736,1.6971,-1
LN50,305.9270423,1.6971,-1
LN46,532.8680645,1.6971,-1
LN38,516.8936614,1.6971,-1
LN61,130.9841206,1.6971,-1
LN35,418.896441,1.6971,-1
LN33,386.9380075,1.6971,-1
LN34,418.8935081,1.6971,-1
LN31,244.9640497,1.6971,-1
LN29,158.9790031,1.6971,-1
LN32,402.915517,1.6971,-1
LN30,288.9359717,1.6971,-1
LN28,272.9587593,1.6971,-1
LN74,414.8288183,1.7407,-1
LN72,352.8109742,1.7407,-1
LN76,300.8498925,1.7407,-1
LN77,392.8939185,1.7407,-1
LN66,278.9152391,1.7407,-1
LN68,216.8973582,1.7407,-1
LN69,408.8698637,1.7407,-1
LN65,210.9412783,1.7407,-1
LN64,164.9353005,1.7407,-1
LN71,280.9115539,1.7407,-1
LN67,294.8922119,1.7407,-1
LN63,136.940687,1.7407,-1
LN81,314.8640359,1.786383333,-1
LN82,238.8789531,1.786383333,-1
LN80,194.9276308,1.786383333,-1
LN96,386.7992205,1.83225,-1
LN93,334.0632622,1.83225,-1
LN90,380.8423115,1.83225,-1
LN88,302.8380126,1.83225,-1
LN92,364.8691657,1.83225,-1
LN86,296.8818043,1.83225,-1
LN91,286.8648239,1.83225,-1
LN87,280.9081833,1.83225,-1
LN85,128.9598721,1.83225,-1
LN84,112.9860515,1.83225,-1
LN107,302.1364635,1.877933333,-1
LN100,96.9566965,1.877933333,-1
LN97,333.060294,1.877933333,-1
LN102,273.038568,1.877933333,-1
LN99,259.0220541,1.877933333,-1
LN98,96.96355371,1.877933333,-1
LN116,214.0497978,1.923716667,-1
LN120,197.8085973,1.923716667,-1
LN118,92.92892785,1.923716667,-1
LN112,131.047115,1.923716667,-1
LN117,154.9292079,1.923716667,-1
LN111,317.0553768,1.923716667,-1
LN110,132.0309232,1.923716667,-1
LN109,245.0428629,1.923716667,-1
LN108,78.95978191,1.923716667,-1
LN126,164.0294655,1.969216667,-1
LN127,242.0797551,1.969216667,-1
LN125,399.0938942,1.969216667,-1
LN124,163.0254438,1.969216667,-1
LN123,207.0155048,1.969216667,-1
LN121,96.96123517,1.969216667,-1
LN122,195.0514995,1.969216667,-1
LN144,340.0772902,2.0151,-1
LN142,391.0988712,2.0151,-1
LN147,357.1041778,2.0151,-1
LN148,451.1201673,2.0151,-1
LN145,355.0889238,2.0151,-1
LN139,369.0864658,2.0151,-1
LN134,217.0299666,2.0151,-1
LN141,397.0799244,2.0151,-1
LN132,427.0515401,2.0151,-1
LN140,185.0227539,2.0151,-1
LN135,413.0737012,2.0151,-1
LN137,146.0465543,2.0151,-1
LN136,381.0462331,2.0151,-1
LN138,339.0735927,2.0151,-1
LN131,239.0772674,2.0151,-1
LN133,383.0632499,2.0151,-1
LN130,215.0332095,2.0151,-1
LN129,165.0408902,2.0151,-1
LN128,209.0305524,2.0151,-1
LN156,353.0925511,2.059583333,-1
LN155,261.0723598,2.059583333,-1
LN158,225.0606634,2.059583333,-1
LN159,383.099812,2.059583333,-1
LN157,395.0661698,2.059583333,-1
LN162,487.129427,2.059583333,-1
LN163,453.0958364,2.059583333,-1
LN154,353.0570542,2.059583333,-1
LN153,307.0479038,2.059583333,-1
LN152,309.0652338,2.059583333,-1
LN151,353.0526988,2.059583333,-1
LN150,279.0527967,2.059583333,-1
LN149,135.0304703,2.059583333,-1
LN167,423.032024,2.104583333,-1
LN168,299.0984916,2.104583333,-1
LN166,253.0928885,2.104583333,-1
LN165,267.0722372,2.104583333,-1
LN184,191.0564167,2.150266667,-1
LN188,389.0499516,2.150266667,-1
LN176,439.0750697,2.150266667,-1
LN183,447.1329993,2.150266667,-1
LN182,421.0342,2.150266667,-1
LN186,293.0690423,2.150266667,-1
LN187,503.1596102,2.150266667,-1
LN185,329.1097045,2.150266667,-1
LN189,477.1435171,2.150266667,-1
LN178,105.0198125,2.150266667,-1
LN181,313.1153554,2.150266667,-1
LN179,283.103667,2.150266667,-1
LN180,404.1026709,2.150266667,-1
LN177,179.0565685,2.150266667,-1
LN174,342.1119353,2.150266667,-1
LN175,343.9934925,2.150266667,-1
LN173,291.0829623,2.150266667,-1
LN172,439.0796493,2.150266667,-1
LN171,387.1124623,2.150266667,-1
LN170,377.0842871,2.150266667,-1
LN169,341.1078925,2.150266667,-1
LN196,237.0618751,2.194,-1
LN202,263.0588984,2.194,-1
LN204,313.0657531,2.194,-1
LN203,491.1565324,2.194,-1
LN205,643.1683787,2.194,-1
LN200,311.0987551,2.194,-1
LN201,367.1057248,2.194,-1
LN198,321.0803962,2.194,-1
LN199,337.0952458,2.194,-1
LN197,308.090099,2.194,-1
LN195,381.0845892,2.194,-1
LN194,209.0671867,2.194,-1
LN192,223.0460971,2.194,-1
LN193,307.0842479,2.194,-1
LN191,149.0460257,2.194,-1
LN218,439.0006129,2.238116667,-1
LN211,239.0765839,2.238116667,-1
LN212,233.0309565,2.238116667,-1
LN217,330.0472382,2.238116667,-1
LN213,305.0500281,2.238116667,-1
LN214,297.12029,2.238116667,-1
LN210,205.0358805,2.238116667,-1
LN209,291.0531328,2.238116667,-1
LN220,275.0219508,2.28325,-1
LN208,133.0147859,2.28325,-1
LN223,397.0964712,2.329033333,-1
LN222,96.96269421,2.329033333,-1
LN229,245.0123245,2.3749,-1
LN227,160.0624477,2.3749,-1
LN226,104.0081166,2.3749,-1
LN225,145.0151448,2.3749,-1
LN224,103.0043972,2.3749,-1
LN231,347.0255613,2.420566667,-1
LN232,317.0120182,2.420566667,-1
LN230,239.0778049,2.420566667,-1
LN238,391.0326228,2.46635,-1
LN240,96.95923794,2.46635,-1
LN242,424.9074988,2.46635,-1
LN236,333.0277395,2.46635,-1
LN235,349.060077,2.46635,-1
LN234,191.0203827,2.46635,-1
LN246,424.8982111,2.5121,-1
LN245,421.994452,2.5121,-1
LN244,239.0798495,2.5121,-1
LN243,111.0093972,2.5121,-1
LN249,232.9911714,2.557983333,-1
LN248,274.9719993,2.557983333,-1
LN247,217.0167882,2.557983333,-1
LN254,134.0181537,2.649433333,-1
LN256,275.0216263,2.695183333,-1
LN261,216.9692622,2.695183333,-1
LN259,362.9884146,2.695183333,-1
LN257,347.0227831,2.695183333,-1
LN258,259.0079526,2.695183333,-1
LN262,294.9956086,2.741066667,-1
LN264,274.9741666,2.786733333,-1
LN263,173.0102484,2.786733333,-1
LN268,420.9904118,2.832516667,-1
LN269,136.9410778,2.832516667,-1
LN270,317.0146444,2.832516667,-1
LN266,232.9619921,2.832516667,-1
LN283,297.1193871,3.24445,-1
LN282,313.114818,3.24445,-1
LN281,337.0782861,3.24445,-1
LN280,134.0479438,3.24445,-1
LN288,296.956236,3.381766667,-1
LN287,147.0307611,3.381766667,-1
LN291,326.9362711,3.473416667,-1
LN290,160.0624554,3.473416667,-1
LN293,280.9908989,3.519083333,-1
LN292,239.0793797,3.519083333,-1
LN295,259.0071867,3.564866667,-1
LN294,274.9725524,3.564866667,-1
LN305,85.0302267,3.610633333,-1
LN303,391.0346059,3.610633333,-1
LN304,294.9934673,3.610633333,-1
LN302,217.0167362,3.610633333,-1
LN300,405.0279498,3.610633333,-1
LN301,111.0095342,3.610633333,-1
LN299,191.0203814,3.610633333,-1
LN307,458.9434578,3.656516667,-1
LN309,283.1062954,3.88525,-1
LN312,128.0365105,4.1599,-1
LN316,253.0935077,4.251433333,-1
LN318,288.936025,4.38885,-1
LN320,239.0798128,4.571933333,-1
LN323,96.9590228,4.755033333,-1
LN322,243.0626582,4.755033333,-1
LN321,117.0201226,4.755033333,-1
LN324,205.0361901,4.8007,-1
LN326,200.9727198,4.938116667,-1
LN328,142.0523033,4.983783333,-1
LN329,313.1130518,4.983783333,-1
LN331,136.9410471,5.029566667,-1
LN334,263.0092894,5.21265,-1
LN335,133.0514493,5.258416667,-1
LN337,372.9012914,5.395733333,-1
LN338,372.9039619,5.487383333,-1
LN341,310.8691981,5.578816667,-1
LN346,239.0796319,5.899216667,-1
LN348,97.95999514,6.0823,-1
LN350,372.9008487,6.356933333,-1
LN354,310.8693077,6.494266667,-1
LN358,254.859133,6.723116667,-1
LN360,97.9598675,6.768983333,-1
LN362,180.913318,6.860433333,-1
LN367,96.95900198,7.4097,-1
LN370,434.8684643,7.684433333,-1
LN372,136.9410063,7.867533333,-1
LN375,254.8586307,8.142066667,-1
LN379,372.9015692,8.279366667,-1
LN380,372.9017139,8.645533333,-1
LN381,320.8889362,8.691333333,-1
LN382,297.1204381,8.782966667,-1
LN383,297.1227013,8.828633333,-1
LN385,207.9321043,8.966066667,-1
LN390,282.084624,9.469433333,-1
LN391,218.9830909,9.469433333,-1
LN389,89.0252696,9.469433333,-1
LN397,256.9562543,9.606766667,-1
LN398,479.0898654,9.652516667,-1
LN403,284.1246863,9.744066667,-1
LN404,340.125109,9.744066667,-1
LN408,337.1151811,9.78985,-1
LN406,309.1209177,9.78985,-1
LN415,323.1368591,9.835616667,-1
LN413,345.0822817,9.835616667,-1
LN410,93.03540409,9.835616667,-1
LN412,299.0774415,9.835616667,-1
LN414,336.1292259,9.835616667,-1
LN411,137.0252689,9.835616667,-1
LN419,367.125203,9.881483333,-1
LN423,361.1135721,9.92715,-1
LN421,321.0730626,9.92715,-1
LN422,311.1351218,9.92715,-1
LN427,315.0735072,9.972933333,-1
LN430,198.0779713,9.972933333,-1
LN426,315.0720528,9.972933333,-1
LN432,341.1472811,10.0187,-1
LN431,380.1555675,10.0187,-1
LN434,293.1143997,10.06456667,-1
LN433,218.1039506,10.06456667,-1
LN441,179.0568995,10.11025,-1
LN442,379.1021484,10.11025,-1
LN438,352.0809635,10.11025,-1
LN437,136.0412246,10.11025,-1
LN449,343.1041247,10.15601667,-1
LN448,225.0885389,10.15601667,-1
LN444,167.0357803,10.15601667,-1
LN445,279.1086315,10.15601667,-1
LN443,329.0878347,10.15601667,-1
LN453,301.0570151,10.2018,-1
LN459,434.1278981,10.24766667,-1
LN456,256.9546775,10.24766667,-1
LN464,359.1000689,10.29333333,-1
LN462,321.0721886,10.29333333,-1
LN463,325.1511968,10.29333333,-1
LN465,353.1000274,10.3391,-1
LN471,311.0334564,10.38488333,-1
LN472,326.9961345,10.38488333,-1
LN469,156.0133431,10.38488333,-1
LN468,243.0449798,10.38488333,-1
LN475,407.0897174,10.43075,-1
LN473,323.1353634,10.43075,-1
LN483,161.0828796,10.5222,-1
LN482,395.1547283,10.5222,-1
LN479,491.1360405,10.5222,-1
LN486,163.0410416,10.56796667,-1
LN489,372.9041898,10.61385,-1
LN492,315.0725033,10.65951667,-1
LN491,145.0515418,10.65951667,-1
LN499,375.1300263,10.7053,-1
LN496,353.0492077,10.7053,-1
LN495,285.0618996,10.7053,-1
LN504,232.1195863,10.75105,-1
LN501,365.1476524,10.75105,-1
LN515,391.0790816,10.79691667,-1
LN512,208.0623832,10.79691667,-1
LN508,401.1075687,10.79691667,-1
LN510,355.1030432,10.79691667,-1
LN507,193.0513817,10.79691667,-1
LN518,256.954112,10.84258333,-1
LN519,495.0925812,10.84258333,-1
LN520,323.1367823,10.84258333,-1
LN517,213.0775786,10.84258333,-1
LN524,299.0773712,10.88836667,-1
LN532,385.1103032,10.93413333,-1
LN529,216.0882879,10.93413333,-1
LN531,223.0618747,10.93413333,-1
LN530,385.1169472,10.93413333,-1
LN528,293.1245437,10.93413333,-1
LN538,433.1221591,10.98001667,-1
LN540,379.1615878,10.98001667,-1
LN539,357.1197767,10.98001667,-1
LN537,499.1023735,10.98001667,-1
LN536,432.1200225,10.98001667,-1
LN544,437.2000642,11.02568333,-1
LN542,483.2060957,11.02568333,-1
LN545,301.0929579,11.02568333,-1
LN552,487.2079841,11.07146667,-1
LN554,439.181304,11.07146667,-1
LN551,487.2015934,11.07146667,-1
LN550,441.1961753,11.07146667,-1
LN547,119.0509388,11.07146667,-1
LN548,163.0408428,11.07146667,-1
LN555,172.0988453,11.11721667,-1
LN557,447.2215097,11.11721667,-1
LN560,423.1837476,11.1631,-1
LN563,351.1313649,11.1631,-1
LN565,471.170845,11.1631,-1
LN564,487.1510049,11.1631,-1
LN561,667.1453519,11.1631,-1
LN559,433.2103453,11.1631,-1
LN573,455.1745719,11.20878333,-1
LN572,195.0670889,11.20878333,-1
LN574,637.1365663,11.20878333,-1
LN569,256.9560763,11.20878333,-1
LN570,319.1405155,11.20878333,-1
LN567,351.1668084,11.20878333,-1
LN571,367.1610744,11.20878333,-1
LN566,325.0927225,11.20878333,-1
LN576,356.1093737,11.25455,-1
LN577,407.1550048,11.25455,-1
LN578,377.1331947,11.25455,-1
LN575,193.0513434,11.25455,-1
LN590,411.1861895,11.30031667,-1
LN589,443.1220093,11.30031667,-1
LN586,457.1929391,11.30031667,-1
LN582,387.1646902,11.30031667,-1
LN600,563.1349551,11.34618333,-1
LN596,567.1102709,11.34618333,-1
LN599,453.1344067,11.34618333,-1
LN597,478.1547677,11.34618333,-1
LN598,401.1469795,11.34618333,-1
LN593,415.1602187,11.34618333,-1
LN592,433.2062729,11.34618333,-1
LN591,213.0775257,11.34618333,-1
LN605,464.0935875,11.39185,-1
LN603,175.0405731,11.39185,-1
LN607,393.0776061,11.39185,-1
LN610,471.1525628,11.39185,-1
LN602,418.1002847,11.39185,-1
LN601,355.102427,11.39185,-1
LN614,551.1711569,11.43763333,-1
LN613,375.1672093,11.43763333,-1
LN611,261.0884996,11.43763333,-1
LN617,391.0802233,11.48341667,-1
LN618,365.1846471,11.48341667,-1
LN623,425.1375828,11.52926667,-1
LN626,398.1162215,11.52926667,-1
LN622,450.1087311,11.52926667,-1
LN625,331.1317906,11.52926667,-1
LN624,311.1047017,11.52926667,-1
LN621,343.1313947,11.52926667,-1
LN620,424.134027,11.52926667,-1
LN619,361.1389925,11.52926667,-1
LN628,403.15887,11.57495,-1
LN629,315.1224243,11.57495,-1
LN627,325.1503934,11.57495,-1
LN634,210.9511929,11.62071667,-1
LN635,508.0980409,11.62071667,-1
LN633,431.1949971,11.62071667,-1
LN632,256.9546073,11.62071667,-1
LN631,361.1423035,11.62071667,-1
LN646,413.1105773,11.66648333,-1
LN644,639.1864834,11.66648333,-1
LN639,351.128533,11.66648333,-1
LN640,479.1189953,11.66648333,-1
LN641,475.2176979,11.66648333,-1
LN656,533.1263814,11.71238333,-1
LN658,421.1738967,11.71238333,-1
LN654,423.1917767,11.71238333,-1
LN653,252.0516893,11.71238333,-1
LN657,377.1376883,11.71238333,-1
LN651,165.0201412,11.71238333,-1
LN655,371.1363029,11.71238333,-1
LN650,476.2202729,11.71238333,-1
LN649,387.1671581,11.71238333,-1
LN648,443.1172475,11.71238333,-1
LN665,333.1557837,11.75803333,-1
LN661,211.0617464,11.75803333,-1
LN666,297.0299372,11.75803333,-1
LN660,213.9644769,11.75803333,-1
LN663,235.0592006,11.75803333,-1
LN662,169.0878349,11.75803333,-1
LN659,213.0774988,11.75803333,-1
LN668,464.0943802,11.80381667,-1
LN667,215.093016,11.80381667,-1
LN674,561.2482471,11.84958333,-1
LN675,473.1981753,11.84958333,-1
LN673,156.0132591,11.84958333,-1
LN672,285.0553547,11.84958333,-1
LN679,393.1763652,11.89546667,-1
LN678,153.0200096,11.89546667,-1
LN680,371.0992638,11.89546667,-1
LN687,423.1840026,11.94113333,-1
LN686,389.1821701,11.94113333,-1
LN688,449.1681361,11.94113333,-1
LN684,186.1142708,11.94113333,-1
LN685,244.0288488,11.94113333,-1
LN693,365.1462857,11.9869,-1
LN694,481.2253403,11.9869,-1
LN692,401.1807093,11.9869,-1
LN691,415.1595954,11.9869,-1
LN689,250.072207,11.9869,-1
LN697,479.101621,12.03266667,-1
LN699,431.1931996,12.03266667,-1
LN698,353.1822128,12.03266667,-1
LN696,206.0828481,12.03266667,-1
LN695,399.1649913,12.03266667,-1
LN704,565.1867307,12.07855,-1
LN701,474.1771254,12.07855,-1
LN702,343.1032408,12.07855,-1
LN712,464.0955967,12.12421667,-1
LN709,269.0457627,12.12421667,-1
LN710,329.1249644,12.12421667,-1
LN713,651.1131131,12.12421667,-1
LN708,417.1768367,12.12421667,-1
LN707,637.1001654,12.12421667,-1
LN706,597.2395822,12.12421667,-1
LN718,643.082799,12.16998333,-1
LN719,392.1237826,12.16998333,-1
LN715,351.0569959,12.16998333,-1
LN717,426.0988363,12.16998333,-1
LN716,453.1183277,12.16998333,-1
LN714,621.1070121,12.16998333,-1
LN725,549.2487789,12.21576667,-1
LN724,503.2489544,12.21576667,-1
LN732,438.1544324,12.26163333,-1
LN733,559.1009447,12.26163333,-1
LN730,375.1589062,12.26163333,-1
LN728,461.068824,12.26163333,-1
LN727,431.0946816,12.26163333,-1
LN731,607.1220247,12.26163333,-1
LN729,312.1249122,12.26163333,-1
LN736,357.1217763,12.3073,-1
LN735,173.0826833,12.3073,-1
LN734,491.1175959,12.3073,-1
LN741,206.0829731,12.35308333,-1
LN744,304.9139216,12.35308333,-1
LN743,347.1329839,12.35308333,-1
LN740,494.5867692,12.35308333,-1
LN747,479.0851938,12.39885,-1
LN750,170.8344267,12.39885,-1
LN751,451.1120073,12.39885,-1
LN746,121.0301547,12.39885,-1
LN748,246.0985569,12.39885,-1
LN745,367.1595456,12.39885,-1
LN757,665.27428,12.44471667,-1
LN758,217.1087317,12.44471667,-1
LN756,501.0921871,12.44471667,-1
LN755,389.1253722,12.44471667,-1
LN754,449.1634535,12.44471667,-1
LN753,285.0407169,12.44471667,-1
LN762,416.1977373,12.49038333,-1
LN763,648.273294,12.49038333,-1
LN764,405.1697097,12.49038333,-1
LN771,508.0679362,12.53616667,-1
LN776,516.0498328,12.53616667,-1
LN777,539.0543078,12.53616667,-1
LN778,447.0908081,12.53616667,-1
LN775,703.1247866,12.53616667,-1
LN768,465.1965568,12.53616667,-1
LN770,443.190473,12.53616667,-1
LN769,214.0179579,12.53616667,-1
LN766,497.0771578,12.53616667,-1
LN767,505.0598486,12.53616667,-1
LN765,486.0888734,12.53616667,-1
LN790,271.0498272,12.58136667,-1
LN793,524.0468419,12.58136667,-1
LN794,501.0465494,12.58136667,-1
LN786,482.5725941,12.58136667,-1
LN791,257.102376,12.58136667,-1
LN787,479.0967308,12.58136667,-1
LN792,673.113229,12.58136667,-1
LN784,490.053085,12.58136667,-1
LN785,505.0628082,12.58136667,-1
LN789,427.1621781,12.58136667,-1
LN783,490.0596889,12.58136667,-1
LN782,472.0925123,12.58136667,-1
LN781,482.074129,12.58136667,-1
LN780,269.0448936,12.58136667,-1
LN779,471.084652,12.58136667,-1
LN795,472.0851363,12.62523333,-1
LN796,261.1341307,12.62523333,-1
LN804,582.2722017,12.67045,-1
LN808,475.2191294,12.67045,-1
LN801,167.0357632,12.67045,-1
LN802,574.2565717,12.67045,-1
LN799,432.1312336,12.67045,-1
LN800,153.0203773,12.67045,-1
LN822,556.1872015,12.71625,-1
LN814,403.1162116,12.71625,-1
LN813,551.2557028,12.71625,-1
LN816,449.2055894,12.71625,-1
LN812,171.0669452,12.71625,-1
LN819,396.1921275,12.71625,-1
LN810,245.0932229,12.71625,-1
LN811,395.1911928,12.71625,-1
LN824,491.1210786,12.76198333,-1
LN823,491.1138213,12.76198333,-1
LN838,524.1007252,12.80786667,-1
LN835,527.0744304,12.80786667,-1
LN837,314.0430042,12.80786667,-1
LN830,486.0942671,12.80786667,-1
LN831,445.0760851,12.80786667,-1
LN832,330.0702266,12.80786667,-1
LN833,372.112869,12.80786667,-1
LN828,432.1352518,12.80786667,-1
LN829,329.0658617,12.80786667,-1
LN826,432.1299668,12.80786667,-1
LN827,432.132685,12.80786667,-1
LN825,505.0955189,12.80786667,-1
LN839,299.0581561,12.85325,-1
LN843,150.0566792,12.89901667,-1
LN848,417.2120479,12.89901667,-1
LN842,141.0928051,12.89901667,-1
LN841,185.0824509,12.89901667,-1
LN861,300.0598992,12.94478333,-1
LN855,505.0936974,12.94478333,-1
LN858,557.1108654,12.94478333,-1
LN856,527.0974518,12.94478333,-1
LN853,284.0319601,12.94478333,-1
LN852,349.1498971,12.94478333,-1
LN851,343.2131455,12.94478333,-1
LN850,413.5795284,12.94478333,-1
LN864,413.0789413,12.94478333,-1
LN870,387.1229582,12.99066667,-1
LN875,653.2649631,12.99066667,-1
LN872,229.0274079,12.99066667,-1
LN874,302.1613422,12.99066667,-1
LN873,518.1853131,12.99066667,-1
LN869,629.2813915,12.99066667,-1
LN876,629.7738553,12.99066667,-1
LN867,173.0824148,12.99066667,-1
LN868,629.2711432,12.99066667,-1
LN866,457.2058777,12.99066667,-1
LN887,681.3775158,13.03633333,-1
LN888,257.1027339,13.03633333,-1
LN885,471.0827349,13.03633333,-1
LN882,188.0358643,13.03633333,-1
LN884,646.275851,13.03633333,-1
LN886,679.3609991,13.03633333,-1
LN877,193.0507051,13.03633333,-1
LN880,243.1236833,13.03633333,-1
LN879,467.2154412,13.03633333,-1
LN881,421.2060865,13.03633333,-1
LN878,467.210673,13.03633333,-1
LN896,440.0503906,13.0821,-1
LN893,394.0578504,13.0821,-1
LN891,409.0644936,13.0821,-1
LN895,698.2795843,13.0821,-1
LN894,721.285831,13.0821,-1
LN892,797.1450441,13.0821,-1
LN890,527.1023756,13.0821,-1
LN889,269.0449781,13.0821,-1
LN910,413.2177295,13.12566667,-1
LN911,465.26934,13.12566667,-1
LN908,451.2181277,13.12566667,-1
LN902,497.094504,13.12566667,-1
LN904,767.1313413,13.12566667,-1
LN900,289.0566069,13.12566667,-1
LN901,497.0896874,13.12566667,-1
LN899,121.0297968,13.12566667,-1
LN898,383.5707198,13.12566667,-1
LN897,237.0401203,13.12566667,-1
LN923,258.1710368,13.17011667,-1
LN924,327.2181086,13.17011667,-1
LN920,329.0669909,13.17011667,-1
LN922,633.2667801,13.17011667,-1
LN917,271.0487959,13.17011667,-1
LN918,655.7640449,13.17011667,-1
LN915,209.079652,13.17011667,-1
LN914,329.1622517,13.17011667,-1
LN913,632.2637323,13.17011667,-1
LN925,195.0307475,13.17011667,-1
LN912,187.0977719,13.17011667,-1
LN938,641.2626176,13.21578333,-1
LN941,459.2250997,13.21578333,-1
LN944,566.7417726,13.21578333,-1
LN932,243.124836,13.21578333,-1
LN942,635.2411465,13.21578333,-1
LN934,299.0584907,13.21578333,-1
LN943,566.2398922,13.21578333,-1
LN946,423.2222266,13.21578333,-1
LN929,299.055667,13.21578333,-1
LN937,427.1931519,13.21578333,-1
LN939,341.1965418,13.21578333,-1
LN935,589.2438738,13.21578333,-1
LN933,648.2720283,13.21578333,-1
LN931,640.2584753,13.21578333,-1
LN930,329.1600856,13.21578333,-1
LN927,617.2664138,13.21578333,-1
LN928,617.7597509,13.21578333,-1
LN926,617.260514,13.21578333,-1
LN949,343.2141956,13.26105,-1
LN952,582.7550585,13.26105,-1
LN955,255.0874982,13.26105,-1
LN954,395.2120163,13.26105,-1
LN951,241.0541783,13.26105,-1
LN950,582.25636,13.26105,-1
LN948,432.1310419,13.26105,-1
LN961,569.2256972,13.3068,-1
LN962,415.1953831,13.3068,-1
LN959,580.2365492,13.3068,-1
LN957,551.2391041,13.3068,-1
LN956,229.1083818,13.3068,-1
LN972,607.2392543,13.35268333,-1
LN969,197.0822907,13.35268333,-1
LN968,225.1134334,13.35268333,-1
LN965,507.2121272,13.35268333,-1
LN963,383.0698257,13.35268333,-1
LN973,497.2497472,13.35268333,-1
LN967,507.2157816,13.35268333,-1
LN964,573.2527836,13.35268333,-1
LN978,486.0912001,13.39835,-1
LN975,138.0206009,13.39835,-1
LN980,797.1449538,13.39835,-1
LN976,481.2250682,13.39835,-1
LN974,228.9944835,13.39835,-1
LN992,541.1907491,13.44411667,-1
LN988,475.2251671,13.44411667,-1
LN991,617.7747849,13.44411667,-1
LN987,455.3213766,13.44411667,-1
LN989,531.1490407,13.44411667,-1
LN984,346.1702058,13.44411667,-1
LN990,661.3501396,13.44411667,-1
LN983,182.0100116,13.44411667,-1
LN986,471.0853915,13.44411667,-1
LN982,499.2225159,13.44411667,-1
LN981,499.2166118,13.44411667,-1
LN1002,357.1376763,13.48988333,-1
LN1001,526.2184897,13.48988333,-1
LN997,398.0720779,13.48988333,-1
LN998,561.1916607,13.48988333,-1
LN996,343.213996,13.48988333,-1
LN994,492.2254142,13.48988333,-1
LN1008,411.1777472,13.53576667,-1
LN1006,375.2016743,13.53576667,-1
LN1016,431.1597826,13.53576667,-1
LN1011,438.2003309,13.53576667,-1
LN1003,421.2069801,13.53576667,-1
LN1012,646.2928036,13.53576667,-1
LN1005,463.2200808,13.53576667,-1
LN1014,564.74939,13.53576667,-1
LN1004,463.2153922,13.53576667,-1
LN1007,214.1453882,13.53576667,-1
LN1019,145.0876366,13.58143333,-1
LN1024,486.0921126,13.58143333,-1
LN1023,713.7857366,13.58143333,-1
LN1017,501.1741046,13.58143333,-1
LN1020,713.2828797,13.58143333,-1
LN1018,564.2470048,13.58143333,-1
LN1026,536.2577,13.6272,-1
LN1028,269.0451708,13.6272,-1
LN1031,295.1227265,13.67296667,-1
LN1032,536.2515542,13.67296667,-1
LN1030,185.0825707,13.67296667,-1
LN1047,581.7478509,13.71885,-1
LN1038,253.0505428,13.71885,-1
LN1044,245.1034324,13.71885,-1
LN1041,565.752522,13.71885,-1
LN1040,283.1054338,13.71885,-1
LN1046,581.2450887,13.71885,-1
LN1043,439.2158142,13.71885,-1
LN1039,565.2546395,13.71885,-1
LN1055,414.1459015,13.76453333,-1
LN1053,187.0987544,13.76453333,-1
LN1052,325.2029514,13.76453333,-1
LN1056,627.2468136,13.76453333,-1
LN1057,511.2342232,13.76453333,-1
LN1054,465.2277144,13.76453333,-1
LN1050,632.2634495,13.76453333,-1
LN1048,609.2627828,13.76453333,-1
LN1058,411.0751,13.8103,-1
LN1061,572.7431947,13.8103,-1
LN1059,572.2406674,13.8103,-1
LN1067,486.0900056,13.85606667,-1
LN1070,347.1731605,13.85606667,-1
LN1069,437.2321196,13.85606667,-1
LN1064,523.2409186,13.85606667,-1
LN1065,435.2221729,13.85606667,-1
LN1066,543.2435718,13.85606667,-1
LN1063,523.2349193,13.85606667,-1
LN1071,477.2359235,13.85606667,-1
LN1079,535.2417662,13.90193333,-1
LN1073,229.1454995,13.90193333,-1
LN1077,223.0799626,13.90193333,-1
LN1072,419.0891487,13.90193333,-1
LN1076,389.1832418,13.90193333,-1
LN1080,500.2213184,13.9476,-1
LN1089,139.1136499,13.99338333,-1
LN1083,137.0252558,13.99338333,-1
LN1086,543.1901202,13.99338333,-1
LN1087,241.1085668,13.99338333,-1
LN1085,543.180951,13.99338333,-1
LN1082,201.1138868,13.99338333,-1
LN1099,527.1715833,14.03915,-1
LN1097,502.2090473,14.03915,-1
LN1100,237.0416008,14.03915,-1
LN1098,479.2476052,14.03915,-1
LN1095,484.2279345,14.03915,-1
LN1091,491.2237742,14.03915,-1
LN1090,491.2197016,14.03915,-1
LN1101,445.1834515,14.08501667,-1
LN1107,479.204585,14.22223333,-1
LN1112,491.2207778,14.26811667,-1
LN1111,138.0205205,14.26811667,-1
LN1109,228.1608784,14.26811667,-1
LN1118,542.7508072,14.31378333,-1
LN1115,703.3574901,14.31378333,-1
LN1116,483.2177421,14.31378333,-1
LN1128,325.2044392,14.35955,-1
LN1126,221.0826867,14.35955,-1
LN1129,433.1477371,14.35955,-1
LN1124,349.1855775,14.35955,-1
LN1130,525.2516556,14.35955,-1
LN1127,479.2465439,14.35955,-1
LN1133,251.096257,14.40531667,-1
LN1135,295.1228242,14.40531667,-1
LN1132,403.1986281,14.40531667,-1
LN1143,395.2078907,14.49688333,-1
LN1145,451.2592632,14.49688333,-1
LN1142,542.2641831,14.49688333,-1
LN1144,411.1703088,14.49688333,-1
LN1141,327.2174493,14.49688333,-1
LN1155,522.1838741,14.54265,-1
LN1148,177.0199474,14.54265,-1
LN1149,271.0640874,14.54265,-1
LN1153,681.1368944,14.54265,-1
LN1146,271.0612796,14.54265,-1
LN1156,325.2028861,14.58841667,-1
LN1159,493.2604784,14.58841667,-1
LN1162,225.1138817,14.6343,-1
LN1166,379.1984021,14.67995,-1
LN1171,254.1476647,14.72573333,-1
LN1169,493.2620487,14.72573333,-1
LN1173,539.2647264,14.72573333,-1
LN1168,215.129551,14.72573333,-1
LN1177,451.2526519,14.77151667,-1
LN1176,211.0982478,14.77151667,-1
LN1178,330.2397477,14.81736667,-1
LN1181,487.3021631,14.86305,-1
LN1180,517.3119304,14.86305,-1
LN1184,299.0216459,14.90881667,-1
LN1185,314.044487,14.90881667,-1
LN1183,267.0303767,14.90881667,-1
LN1182,269.0454764,14.90881667,-1
LN1186,242.1766693,14.95458333,-1
LN1190,284.0326711,15.00046667,-1
LN1192,399.2043153,15.00046667,-1
LN1189,299.0561479,15.00046667,-1
LN1195,150.002254,15.04613333,-1
LN1198,178.1243769,15.04613333,-1
LN1197,327.2191719,15.04613333,-1
LN1203,269.0458709,15.09191667,-1
LN1204,461.2000468,15.09191667,-1
LN1205,287.2230012,15.13768333,-1
LN1200,225.150208,15.13768333,-1
LN1213,507.2765445,15.18355,-1
LN1211,357.0628451,15.18355,-1
LN1214,285.128498,15.22921667,-1
LN1216,213.1502138,15.27501667,-1
LN1219,633.3550417,15.27501667,-1
LN1218,323.187466,15.27501667,-1
LN1222,431.2261371,15.32076667,-1
LN1230,248.0809291,15.36663333,-1
LN1229,248.0794222,15.36663333,-1
LN1231,229.145044,15.4123,-1
LN1235,152.0362097,15.45808333,-1
LN1239,233.0822548,15.54971667,-1
LN1241,179.0721314,15.5954,-1
LN1246,329.2346166,15.68695,-1
LN1248,343.260666,15.73281667,-1
LN1250,293.213638,15.73281667,-1
LN1249,167.8734882,15.73281667,-1
LN1252,311.0561724,15.77848333,-1
LN1253,311.057073,15.77848333,-1
LN1255,251.1290137,15.77848333,-1
LN1265,275.2037648,15.77848333,-1
LN1261,529.3067202,15.77848333,-1
LN1256,293.211627,15.77848333,-1
LN1259,529.2976044,15.77848333,-1
LN1258,575.2986241,15.77848333,-1
LN1266,253.1441953,15.82426667,-1
LN1268,453.1288416,15.82426667,-1
LN1267,463.1624593,15.82426667,-1
LN1269,447.1368239,15.87003333,-1
LN1277,462.2361225,15.91591667,-1
LN1273,297.0772573,15.91591667,-1
LN1274,447.1324331,15.91591667,-1
LN1278,289.1828089,15.96158333,-1
LN1280,325.1844967,15.96158333,-1
LN1281,228.9951053,15.96158333,-1
LN1279,315.1828081,15.96158333,-1
LN1282,307.1926904,16.00736667,-1
LN1284,461.227491,16.00736667,-1
LN1283,461.2310865,16.00736667,-1
LN1291,387.2873285,16.05311667,-1
LN1290,251.0947061,16.05311667,-1
LN1296,327.1657101,16.099,-1
LN1295,243.1606008,16.099,-1
LN1294,207.1034424,16.099,-1
LN1300,87.0096906,16.14466667,-1
LN1301,239.1295337,16.14466667,-1
LN1299,179.1086122,16.14466667,-1
LN1302,311.170127,16.19043333,-1
LN1306,193.0877458,16.2821,-1
LN1313,253.1455523,16.32775,-1
LN1311,271.0636585,16.32775,-1
LN1309,271.0609538,16.32775,-1
LN1319,297.1183854,16.37351667,-1
LN1320,228.9934641,16.37351667,-1
LN1317,209.1552935,16.37351667,-1
LN1318,267.0430953,16.37351667,-1
LN1322,322.1702992,16.46516667,-1
LN1330,215.165632,16.51083333,-1
LN1327,329.2347234,16.51083333,-1
LN1326,249.1141458,16.51083333,-1
LN1324,429.085509,16.51083333,-1
LN1329,463.2426933,16.51083333,-1
LN1328,463.247849,16.51083333,-1
LN1334,339.2019322,16.55661667,-1
LN1332,187.1348252,16.55661667,-1
LN1333,169.8689511,16.55661667,-1
LN1335,593.2646286,16.55661667,-1
LN1337,633.3926709,16.60238333,-1
LN1338,311.1712857,16.60238333,-1
LN1343,368.2053856,16.64825,-1
LN1342,412.2295481,16.64825,-1
LN1341,300.2185901,16.64825,-1
LN1340,177.0928081,16.64825,-1
LN1339,199.1710467,16.64825,-1
LN1345,311.1680217,16.69391667,-1
LN1344,285.1185348,16.69391667,-1
LN1352,236.1055994,16.78548333,-1
LN1351,311.2248695,16.78548333,-1
LN1353,403.278919,16.78548333,-1
LN1350,341.1812605,16.78548333,-1
LN1358,364.2161514,16.83133333,-1
LN1356,341.1800166,16.83133333,-1
LN1360,258.2083296,16.83133333,-1
LN1355,261.1513349,16.83133333,-1
LN1363,358.2619378,16.87701667,-1
LN1362,474.2598152,16.87701667,-1
LN1368,339.2028481,16.92278333,-1
LN1367,721.3512705,16.92278333,-1
LN1365,325.1835116,16.92278333,-1
LN1364,207.1396526,16.92278333,-1
LN1369,721.3598371,16.92278333,-1
LN1366,675.3514154,16.92278333,-1
LN1371,397.1914045,16.96855,-1
LN1372,293.1759408,17.01443333,-1
LN1373,577.26556,17.01443333,-1
LN1381,209.155263,17.0601,-1
LN1384,339.2000477,17.10586667,-1
LN1383,325.1858108,17.10586667,-1
LN1385,355.1965014,17.10586667,-1
LN1387,355.0817926,17.10586667,-1
LN1390,366.1974892,17.15163333,-1
LN1391,343.2149525,17.15163333,-1
LN1389,359.2581383,17.15163333,-1
LN1394,311.1866148,17.15163333,-1
LN1392,481.2160478,17.15163333,-1
LN1395,169.8694829,17.19751667,-1
LN1397,297.1558644,17.2432,-1
LN1400,453.2229452,17.28898333,-1
LN1402,285.2067838,17.33475,-1
LN1404,271.1928714,17.38061667,-1
LN1409,195.1396865,17.42626667,-1
LN1411,239.1290671,17.42626667,-1
LN1412,355.1959244,17.47205,-1
LN1418,339.1992526,17.51781667,-1
LN1420,413.098376,17.51781667,-1
LN1417,402.2041638,17.51781667,-1
LN1415,394.190296,17.51781667,-1
LN1416,325.1850495,17.51781667,-1
LN1414,394.1926528,17.51781667,-1
LN1423,350.1277845,17.5637,-1
LN1431,333.1693167,17.60936667,-1
LN1429,223.2071552,17.60936667,-1
LN1430,333.1359441,17.60936667,-1
LN1428,294.179337,17.60936667,-1
LN1427,267.195686,17.60936667,-1
LN1426,215.1659452,17.60936667,-1
LN1425,311.1861428,17.60936667,-1
LN1424,265.147934,17.60936667,-1
LN1437,430.1739108,17.65513333,-1
LN1435,476.2734999,17.65513333,-1
LN1434,301.2227501,17.65513333,-1
LN1432,300.218036,17.65513333,-1
LN1433,297.1529077,17.65513333,-1
LN1444,213.1500932,17.74678333,-1
LN1441,249.1508842,17.74678333,-1
LN1440,205.1605048,17.74678333,-1
LN1439,199.1711386,17.74678333,-1
LN1445,277.1445943,17.74678333,-1
LN1447,233.155126,17.79246667,-1
LN1446,279.162803,17.79246667,-1
LN1452,300.2188047,17.83823333,-1
LN1453,339.2018173,17.83823333,-1
LN1454,286.2195079,17.83823333,-1
LN1451,325.1841465,17.83823333,-1
LN1455,405.0522146,17.83823333,-1
LN1450,194.082886,17.83823333,-1
LN1458,323.168747,17.884,-1
LN1456,266.1034688,17.884,-1
LN1462,300.2195632,17.97553333,-1
LN1459,311.1700196,17.97553333,-1
LN1465,386.1504654,18.02131667,-1
LN1464,285.2085403,18.02131667,-1
LN1466,453.2220953,18.02131667,-1
LN1463,256.1921147,18.02131667,-1
LN1470,316.2555145,18.06708333,-1
LN1472,481.2173546,18.06708333,-1
LN1467,315.2545495,18.06708333,-1
LN1478,549.2759679,18.11296667,-1
LN1479,283.1537566,18.11296667,-1
LN1480,513.3013674,18.11296667,-1
LN1477,559.3037825,18.11296667,-1
LN1476,559.3077121,18.11296667,-1
LN1475,215.1659201,18.11296667,-1
LN1484,249.1865132,18.15863333,-1
LN1485,297.1543466,18.15863333,-1
LN1486,345.1237972,18.15863333,-1
LN1483,294.2172715,18.15863333,-1
LN1482,342.227204,18.15863333,-1
LN1481,342.2299604,18.15863333,-1
LN1490,361.2012569,18.20441667,-1
LN1488,275.2023099,18.20441667,-1
LN1493,169.8698918,18.25016667,-1
LN1496,617.3990261,18.25016667,-1
LN1491,325.1849849,18.25016667,-1
LN1492,331.2133315,18.25016667,-1
LN1497,294.2156286,18.29605,-1
LN1498,379.1552013,18.29605,-1
LN1506,355.2089289,18.34171667,-1
LN1502,481.2523075,18.34171667,-1
LN1503,353.2096381,18.34171667,-1
LN1505,441.1222986,18.34171667,-1
LN1501,279.1636847,18.34171667,-1
LN1500,309.1737702,18.34171667,-1
LN1499,311.1688022,18.34171667,-1
LN1510,265.146908,18.38748333,-1
LN1508,86.00850693,18.38748333,-1
LN1512,339.2007914,18.43325,-1
LN1514,379.1597875,18.43325,-1
LN1522,249.148386,18.47913333,-1
LN1520,291.1963708,18.47913333,-1
LN1519,386.2540767,18.47913333,-1
LN1524,309.1771507,18.5248,-1
LN1528,313.1686502,18.57058333,-1
LN1530,279.1622883,18.57058333,-1
LN1527,339.201495,18.57058333,-1
LN1526,383.2228545,18.57058333,-1
LN1535,355.1988306,18.61636667,-1
LN1534,386.2513338,18.61636667,-1
LN1531,234.1865703,18.61636667,-1
LN1539,358.2249175,18.7079,-1
LN1537,311.1698942,18.7079,-1
LN1544,169.869267,18.75366667,-1
LN1548,356.2442093,18.79943333,-1
LN1547,398.2308536,18.79943333,-1
LN1549,481.2163544,18.79943333,-1
LN1546,398.2272604,18.79943333,-1
LN1555,410.2191544,18.8453,-1
LN1553,353.2019764,18.8453,-1
LN1551,295.2278723,18.8453,-1
LN1565,372.2400994,18.98251667,-1
LN1563,485.2727802,18.98251667,-1
LN1569,328.2127388,19.0284,-1
LN1568,199.1710665,19.0284,-1
LN1567,293.1795076,19.0284,-1
LN1576,325.1481714,19.07406667,-1
LN1573,421.2231034,19.07406667,-1
LN1574,315.2025509,19.07406667,-1
LN1572,314.1970423,19.07406667,-1
LN1571,325.1842269,19.07406667,-1
LN1581,325.1692574,19.11985,-1
LN1579,445.2385434,19.11985,-1
LN1578,445.2350702,19.11985,-1
LN1584,339.200468,19.16561667,-1
LN1590,297.2445452,19.21148333,-1
LN1588,306.1917294,19.21148333,-1
LN1589,169.8697156,19.21148333,-1
LN1587,234.1869851,19.21148333,-1
LN1594,293.1787105,19.25715,-1
LN1593,368.1828018,19.25715,-1
LN1592,305.1866461,19.25715,-1
LN1597,102.0102999,19.30293333,-1
LN1599,262.1800504,19.3487,-1
LN1603,311.1683483,19.39458333,-1
LN1604,342.2278867,19.44025,-1
LN1606,409.311034,19.44025,-1
LN1609,382.1875306,19.48601667,-1
LN1610,423.3256761,19.48601667,-1
LN1607,314.1982262,19.48601667,-1
LN1617,544.7370721,19.53178333,-1
LN1611,339.200811,19.53178333,-1
LN1614,540.7417261,19.53178333,-1
LN1612,542.7360859,19.53178333,-1
LN1624,367.2659605,19.62333333,-1
LN1623,314.1991997,19.62333333,-1
LN1622,479.3318821,19.62333333,-1
LN1625,479.3386028,19.6691,-1
LN1626,169.8690794,19.6691,-1
LN1629,284.2246147,19.76075,-1
LN1630,277.1461628,19.76075,-1
LN1634,265.1471589,19.80643333,-1
LN1635,184.9296469,19.80643333,-1
LN1632,409.313256,19.80643333,-1
LN1643,273.1494714,19.8522,-1
LN1641,305.1894772,19.8522,-1
LN1642,293.1778313,19.8522,-1
LN1638,234.1882735,19.8522,-1
LN1637,339.1997033,19.8522,-1
LN1644,229.1597297,19.89796667,-1
LN1650,259.1823246,19.94383333,-1
LN1651,538.3409159,19.94383333,-1
LN1649,537.3358952,19.94383333,-1
LN1648,199.1708633,19.94383333,-1
LN1647,257.175561,19.94383333,-1
LN1655,321.2211277,19.98951667,-1
LN1654,342.1552922,19.98951667,-1
LN1657,393.1505265,19.98951667,-1
LN1658,329.1281342,19.98951667,-1
LN1653,325.1631502,19.98951667,-1
LN1662,253.1454986,20.03528333,-1
LN1660,314.2000758,20.03528333,-1
LN1659,150.9988907,20.03528333,-1
LN1664,169.8698748,20.08105,-1
LN1663,205.1604402,20.08105,-1
LN1671,436.067161,20.12693333,-1
LN1670,401.0969068,20.12693333,-1
LN1668,297.1871013,20.12693333,-1
LN1667,149.0980508,20.12693333,-1
LN1666,311.2015996,20.12693333,-1
LN1673,169.8697936,20.1726,-1
LN1672,314.1998136,20.1726,-1
LN1676,358.2760807,20.21838333,-1
LN1675,250.1452342,20.21838333,-1
LN1679,276.1615725,20.26413333,-1
LN1681,325.185964,20.31003333,-1
LN1682,169.870374,20.35568333,-1
LN1692,234.1865732,20.44721667,-1
LN1690,304.230085,20.44721667,-1
LN1689,325.2172203,20.44721667,-1
LN1695,321.21103,20.4931,-1
LN1694,387.1584043,20.4931,-1
LN1693,356.1896752,20.4931,-1
LN1696,410.3136781,20.53876667,-1
LN1700,447.2563243,20.63031667,-1
LN1697,473.2803272,20.63031667,-1
LN1698,447.2477349,20.63031667,-1
LN1703,279.2317451,20.67618333,-1
LN1702,169.8692119,20.67618333,-1
LN1701,447.2515614,20.67618333,-1
LN1705,314.1971819,20.72186667,-1
LN1704,85.00281275,20.72186667,-1
LN1707,311.2035764,20.76763333,-1
LN1710,169.8701851,20.81341667,-1
LN1713,339.2033737,20.85928333,-1
LN1717,339.2002367,20.90495,-1
LN1720,234.1882655,20.95071667,-1
LN1723,425.2676713,21.04236667,-1
LN1724,311.2034553,21.04236667,-1
LN1722,356.1871648,21.04236667,-1
LN1727,312.2077846,21.13381667,-1
LN1728,169.869773,21.13381667,-1
LN1732,234.1884931,21.22545,-1
LN1730,193.0880743,21.22545,-1
LN1734,353.250242,21.31691667,-1
LN1737,667.0540322,21.40855,-1
LN1736,257.17866,21.40855,-1
LN1738,325.1869114,21.45435,-1
LN1742,395.2234537,21.5,-1
LN1744,339.2360768,21.54575,-1
LN1743,339.2339845,21.54575,-1
LN1749,339.2020115,21.59163333,-1
LN1746,85.00356566,21.59163333,-1
LN1748,234.1877057,21.59163333,-1
LN1750,311.202951,21.6373,-1
LN1765,473.3036029,21.91193333,-1
LN1764,473.3015694,21.91193333,-1
LN1763,354.2534791,21.91193333,-1
LN1762,205.1604862,21.91193333,-1
LN1761,369.2689347,21.91193333,-1
LN1760,353.2488856,21.91193333,-1
LN1759,367.2636325,21.91193333,-1
LN1768,327.2911895,22.04926667,-1
LN1769,381.2792314,22.09501667,-1
LN1772,487.3196078,22.1409,-1
LN1771,367.2469973,22.1409,-1
LN1776,369.2739035,22.23233333,-1
LN1774,398.2314058,22.23233333,-1
LN1777,435.3239181,22.2781,-1
LN1781,403.2638834,22.41543333,-1
LN1782,353.2478103,22.4612,-1
LN1787,250.1478191,22.59851667,-1
LN1786,193.0894786,22.59851667,-1
LN1791,311.2045225,22.73583333,-1
LN1793,353.2502422,22.78161667,-1
LN1797,423.3430272,22.8274,-1
LN1796,205.1608294,22.8274,-1
LN1795,425.3309105,22.8274,-1
LN1794,423.3258635,22.8274,-1
LN1801,450.2470971,22.87325,-1
LN1800,423.3091875,22.87325,-1
LN1799,415.341479,22.87325,-1
LN1798,414.3389082,22.87325,-1
LN1802,85.00615912,22.91876667,-1
LN1803,437.3408831,22.96455,-1
LN1804,438.3448451,23.01031667,-1
LN1807,149.9898644,23.10185,-1
LN1806,529.365059,23.10185,-1
LN1808,515.3498291,23.14763333,-1
LN1812,543.3777557,23.23928333,-1
LN1813,435.2530785,23.23928333,-1
LN1811,424.3304581,23.23928333,-1
LN1815,424.3250139,23.33073333,-1
LN1816,459.3225028,23.33073333,-1
LN1814,367.2666636,23.33073333,-1
LN1821,409.2943884,23.46803333,-1
LN1822,409.3251072,23.46803333,-1
LN1819,411.3159286,23.46803333,-1
LN1818,409.3103936,23.46803333,-1
LN1824,311.2031761,23.5138,-1
LN1823,423.3302672,23.5138,-1
LN1825,115.9215378,23.60545,-1
LN1827,150.0019684,23.65111667,-1
LN1828,505.327653,23.69688333,-1
LN1829,253.1440692,23.74265,-1
LN1831,459.324313,23.78853333,-1
LN1833,253.1437526,23.83421667,-1
LN1838,585.4256239,24.15471667,-1
LN1840,84.00996902,24.24615,-1
LN1841,571.4083803,24.3378,-1
LN1845,316.9485456,24.56655,-1
LN1847,423.3307936,24.74963333,-1
LN1851,149.9916752,25.02426667,-1
LN1854,253.1439022,25.11581667,-1
LN1855,116.9297039,25.2989,-1
LN1857,116.9289882,25.34471667,-1
LN1864,149.9884935,25.61941667,-1
LN1866,136.8927297,25.84818333,-1
LN1867,600.4938461,25.84818333,-1
LN1870,136.8934853,25.93971667,-1
LN1873,367.2635048,26.07703333,-1
LN1871,423.328871,26.07703333,-1
LN1875,136.8932846,26.1228,-1
LN1878,409.3147932,26.1228,-1
LN1874,423.3287006,26.1228,-1
LN1881,316.9508339,26.16868333,-1
LN1880,409.3131716,26.16868333,-1
LN1882,423.3257076,26.26011667,-1
LN1885,423.3227864,26.39743333,-1
LN1887,316.9504803,26.58053333,-1
LN1889,136.8932298,26.67206667,-1
LN1891,316.9474607,26.76361667,-1
LN1890,311.2048189,26.76361667,-1
LN1893,409.3109915,26.90103333,-1
LN1894,423.3261426,26.9467,-1
LN1898,311.2035572,27.12978333,-1
LN1899,149.9997104,27.17556667,-1
LN1900,316.9484041,27.22133333,-1
LN1901,423.3257935,27.26721667,-1
LN1907,114.9371239,27.31286667,-1
LN1906,423.323217,27.31286667,-1
LN1911,409.3100331,27.63338333,-1
LN1914,116.9221863,27.7706,-1
LN1919,423.3255822,28.04523333,-1
LN1921,424.3310932,28.09101667,-1
LN1930,101.9347231,28.45718333,-1
LN1936,316.9506115,28.54883333,-1
LN1933,424.3284456,28.54883333,-1
LN1941,137.8929965,28.73191667,-1
LN1940,149.9901755,28.73191667,-1
LN1942,316.9483247,28.73191667,-1
LN1939,423.3289185,28.73191667,-1
LN1947,384.9341369,28.77758333,-1
LN1945,368.2705167,28.77758333,-1
LN1943,423.3243647,28.77758333,-1
LN1944,423.3260935,28.77758333,-1
LN1953,424.3277364,29.00645,-1
LN1954,311.203573,29.05221667,-1
LN1962,423.3288775,29.37263333,-1
LN1968,117.9295042,29.60148333,-1
LN1967,423.3239316,29.60148333,-1
LN1969,101.9343303,29.64736667,-1
